{
    "metrics": [
        {
            "Next.js-hydration": 17,
            "FCP": 491.59999990463257,
            "TTFB": 58.199999928474426,
            "LCP": 491.599,
            "FID": 53.700000047683716,
            "CLS": 0
        }
    ]
}