{
    "metrics": [
        {
            "Next.js-hydration": 18.199999999254942,
            "FCP": 602.7999999970198,
            "TTFB": 10.799999997019768,
            "CLS": 0.0008261909639369679,
            "LCP": 602.799,
            "FID": 3.300000000745058
        }
    ]
}