{
    "metrics": [
        {
            "Next.js-hydration": 247.19999999925494,
            "TTFB": 631.7000000001863,
            "FCP": 3806.5,
            "CLS": 0.0007407750216554275,
            "LCP": 6123

        }
    ]
}