{
    "metrics": [
        {
            "Next.js-hydration": 26.700000002980232,
            "TTFB": 35,
            "FCP": 445.79999999701977,
            "CLS": 0.3132595328250721,
            "LCP": 445.799,
            "FID": 8,
            "Next.js-render": 9,
            "Next.js-route-change-to-render": 3.100000001490116
        }
    ]
}