{
    "metrics": [
        {
            "Next.js-hydration": 179.6000000089407,
            "FCP": 3436.8999999910593,
            "TTFB": 49.70000000298023,
            "CLS": 0,
            "LCP": 3062.099
        }
    ]
}